Model Name,Model,Accuracy,AUC,Recall,Prec.,F1,Kappa,MCC
Decision Tree Classifier,"Pipeline(memory=Memory(location=None),
         steps=[('label_encoding',
                 TransformerWrapperWithInverse(exclude=None, include=None,
                                               transformer=LabelEncoder())),
                ('numerical_imputer',
                 TransformerWrapper(exclude=None,
                                    include=['age', 'fnlwgt', 'education.num',
                                             'capital.gain', 'capital.loss',
                                             'hours.per.week'],
                                    transformer=SimpleImputer(add_indicator=False,
                                                              copy=True,
                                                              fill_...
                                    transformer=CleanColumnNames(match='[\\]\\[\\,\\{\\}\\""\\:]+'))),
                ['trained_model',
                 DecisionTreeClassifier(ccp_alpha=0.0, class_weight=None,
                                        criterion='gini', max_depth=None,
                                        max_features=None, max_leaf_nodes=None,
                                        min_impurity_decrease=0.0,
                                        min_samples_leaf=1, min_samples_split=2,
                                        min_weight_fraction_leaf=0.0,
                                        monotonic_cst=None, random_state=42,
                                        splitter='best')]],
         verbose=False)",0.7616,0.6662,0.7616,0.7606,0.7571,0.3384,0.3418
