Model Name,Model,Accuracy,AUC,Recall,Prec.,F1,Kappa,MCC
Logistic Regression,"Pipeline(memory=Memory(location=None),
         steps=[('numerical_imputer',
                 TransformerWrapper(exclude=None,
                                    include=['Unnamed: 0', 'workclass_?',
                                             'workclass_Federal-gov',
                                             'workclass_Local-gov',
                                             'workclass_Never-worked',
                                             'workclass_Private',
                                             'workclass_Self-emp-inc',
                                             'workclass_Self-emp-not-inc',
                                             'workclass_State-gov',
                                             'workclass_Without-pay',
                                             'workclass_nan', 'education...
                 TransformerWrapper(exclude=None, include=None,
                                    transformer=CleanColumnNames(match='[\\]\\[\\,\\{\\}\\""\\:]+'))),
                ['trained_model',
                 LogisticRegression(C=1.0, class_weight=None, dual=False,
                                    fit_intercept=True, intercept_scaling=1,
                                    l1_ratio=None, max_iter=1000,
                                    multi_class='auto', n_jobs=None,
                                    penalty='l2', random_state=42,
                                    solver='lbfgs', tol=0.0001, verbose=0,
                                    warm_start=False)]],
         verbose=False)",0.8466,0.896,0.5861,0.7208,0.6462,0.5496,0.5546
