Model Name,Model,Accuracy,AUC,Recall,Prec.,F1,Kappa,MCC
Extreme Gradient Boosting,"Pipeline(memory=Memory(location=None),
         steps=[('numerical_imputer',
                 TransformerWrapper(exclude=None,
                                    include=['Unnamed: 0', 'workclass_?',
                                             'workclass_Federal-gov',
                                             'workclass_Local-gov',
                                             'workclass_Never-worked',
                                             'workclass_Private',
                                             'workclass_Self-emp-inc',
                                             'workclass_Self-emp-not-inc',
                                             'workclass_State-gov',
                                             'workclass_Without-pay',
                                             'workclass_nan', 'education...
                               importance_type=None,
                               interaction_constraints=None, learning_rate=None,
                               max_bin=None, max_cat_threshold=None,
                               max_cat_to_onehot=None, max_delta_step=None,
                               max_depth=None, max_leaves=None,
                               min_child_weight=None, missing=nan,
                               monotone_constraints=None, multi_strategy=None,
                               n_estimators=None, n_jobs=-1,
                               num_parallel_tree=None,
                               objective='binary:logistic', ...)]],
         verbose=False)",0.8701,0.9262,0.6568,0.7672,0.7075,0.6247,0.6279
