Model Name,Model,Accuracy,AUC,Recall,Prec.,F1,Kappa,MCC
Extreme Gradient Boosting,"Pipeline(memory=Memory(location=None),
         steps=[('label_encoding',
                 TransformerWrapperWithInverse(exclude=None, include=None,
                                               transformer=LabelEncoder())),
                ('numerical_imputer',
                 TransformerWrapper(exclude=None,
                                    include=['age', 'fnlwgt', 'education.num',
                                             'capital.gain', 'capital.loss',
                                             'hours.per.week'],
                                    transformer=SimpleImputer(add_indicator=False,
                                                              copy=True,
                                                              fill_...
                               importance_type=None,
                               interaction_constraints=None, learning_rate=None,
                               max_bin=None, max_cat_threshold=None,
                               max_cat_to_onehot=None, max_delta_step=None,
                               max_depth=None, max_leaves=None,
                               min_child_weight=None, missing=nan,
                               monotone_constraints=None, multi_strategy=None,
                               n_estimators=None, n_jobs=-1,
                               num_parallel_tree=None,
                               objective='binary:logistic', ...)]],
         verbose=False)",0.8149,0.8418,0.8149,0.804,0.8019,0.4419,0.4528
