Model Name,Model,Accuracy,AUC,Recall,Prec.,F1,Kappa,MCC
Logistic Regression,"Pipeline(memory=Memory(location=None),
         steps=[('label_encoding',
                 TransformerWrapperWithInverse(exclude=None, include=None,
                                               transformer=LabelEncoder())),
                ('numerical_imputer',
                 TransformerWrapper(exclude=None,
                                    include=['age', 'fnlwgt', 'education.num',
                                             'capital.gain', 'capital.loss',
                                             'hours.per.week'],
                                    transformer=SimpleImputer(add_indicator=False,
                                                              copy=True,
                                                              fill_...
                 TransformerWrapper(exclude=None, include=None,
                                    transformer=CleanColumnNames(match='[\\]\\[\\,\\{\\}\\""\\:]+'))),
                ['trained_model',
                 LogisticRegression(C=1.0, class_weight=None, dual=False,
                                    fit_intercept=True, intercept_scaling=1,
                                    l1_ratio=None, max_iter=1000,
                                    multi_class='auto', n_jobs=None,
                                    penalty='l2', random_state=42,
                                    solver='lbfgs', tol=0.0001, verbose=0,
                                    warm_start=False)]],
         verbose=False)",0.8139,0.8483,0.8139,0.8187,0.8037,0.4624,0.4826
