Model Name,Model,Accuracy,AUC,Recall,Prec.,F1,Kappa,MCC
Decision Tree Classifier,"Pipeline(memory=Memory(location=None),
         steps=[('numerical_imputer',
                 TransformerWrapper(exclude=None,
                                    include=['Unnamed: 0', 'workclass_?',
                                             'workclass_Federal-gov',
                                             'workclass_Local-gov',
                                             'workclass_Never-worked',
                                             'workclass_Private',
                                             'workclass_Self-emp-inc',
                                             'workclass_Self-emp-not-inc',
                                             'workclass_State-gov',
                                             'workclass_Without-pay',
                                             'workclass_nan', 'education...
                                    transformer=CleanColumnNames(match='[\\]\\[\\,\\{\\}\\""\\:]+'))),
                ['trained_model',
                 DecisionTreeClassifier(ccp_alpha=0.0, class_weight=None,
                                        criterion='gini', max_depth=None,
                                        max_features=None, max_leaf_nodes=None,
                                        min_impurity_decrease=0.0,
                                        min_samples_leaf=1, min_samples_split=2,
                                        min_weight_fraction_leaf=0.0,
                                        monotonic_cst=None, random_state=42,
                                        splitter='best')]],
         verbose=False)",0.8161,0.7509,0.6257,0.6136,0.6196,0.4983,0.4984
